BY2_in_C2	cell001	1.0	
BY2_in_C2	cell002	1.0	
BY2_in_C2	cell003	0.5	
BY2_in_C2	cell004	1	
BY2_in_C2	cell005	10	
BY2_in_C2	cell006	1	
BY2_in_C2	cell007	1	
BY2_in_C2	cell008	5
BY2_in_C2	cell009	5
BY2_in_C2	cell010	1	
BY2_in_C2	cell011	0.5	
BY2_in_C2	cell012	1.0	
BY2_in_C2	cell013	5	
BY2_in_C2	cell014	5	
BY2_in_C2	cell015	5	
BY2_in_C2	cell016	5	
BY2_in_C2	cell017	1	
BY2_in_C2	cell018	0.05	
BY2_in_C2	cell019	1	
BY2_in_C2	cell020	0.5
BY2_in_C2	cell021	0.5	
BY2_in_C2	cell022	0.05	
BY2_in_LatB	cell023	2.5	
BY2_in_LatB	cell024	2.5
BY2_in_LatB	cell025	1.0	
BY2_in_LatB	cell026	1	
BY2_in_LatB	cell028	0.5	
BY2_in_LatB	cell029	0.5
BY2_in_LatB	cell030	1	
BY2_in_LatB	cell031	2.5	
BY2_in_LatB	cell032	2.5	
BY2_in_LatB	cell033	5	
BY2_in_LatB	cell034	5	
BY2_in_LatB	cell035	5	
BY2_in_LatB	cell036	5	
BY2_in_LatB	cell037	1	
BY2_in_LatB	cell038	1	
BY2_in_LatB_sorbitol	cell039	5.0	
BY2_in_LatB_sorbitol	cell040	5.0
BY2_in_LatB_sorbitol	cell041	2.5	
BY2_in_LatB_sorbitol	cell042	2.5	
BY2_in_LatB_sorbitol	cell043	1
BY2_in_LatB_sorbitol	cell044	1.5	
BY2_in_LatB_sorbitol	cell045	1.0
BY2_in_LatB_sorbitol	cell046	3.5	
BY2_in_LatB_sorbitol	cell047	5	
BY2_in_LatB_sorbitol	cell048	2.5	
BY2_in_LatB_sorbitol	cell049	5	
BY2_in_LatB_sorbitol	cell050	5	
BY2_in_LatB_sorbitol	cell051	5	
BY2_in_oryzalin	cell052	1	
BY2_in_oryzalin	cell053	1	
BY2_in_oryzalin	cell054	1	
BY2_in_oryzalin	cell055	2.5	
BY2_in_oryzalin	cell056	5
BY2_in_oryzalin	cell057	2.5	
BY2_in_oryzalin	cell058	1	
BY2_in_oryzalin	cell059	2.5	
BY2_in_oryzalin	cell060	1	
BY2_in_oryzalin_sorbitol	cell061	0	
BY2_in_oryzalin_sorbitol	cell062	1	
BY2_in_oryzalin_sorbitol	cell063	5	
BY2_in_oryzalin_sorbitol	cell064	5	
BY2_in_oryzalin_sorbitol	cell065	0.05	
BY2_in_oryzalin_sorbitol	cell066	5	
BY2_in_oryzalin_sorbitol	cell067	0	
BY2_in_oryzalin_sorbitol	cell068	1	
BY2_in_oryzalin_sorbitol	cell069	0	
BY2_in_oryzalin_sorbitol	cell070	0	
BY2_in_oryzalin_sorbitol	cell071	0	
BY2_in_sorbitol	cell072	10	
BY2_in_sorbitol	cell073	1	
BY2_in_sorbitol	cell074	0.25	
BY2_in_sorbitol	cell075	15	
BY2_in_sorbitol	cell076	0.5	
BY2_in_sorbitol	cell077	1.0	
BY2_in_sorbitol	cell078	1.0	
BY2_in_sorbitol	cell079	2.5	
BY2_in_sorbitol	cell080	1.0	
BY2_in_sorbitol	cell081	1.0
BY2_in_sorbitol	cell082	1.0	
BY2_in_sorbitol	cell083	0
BY2_in_sorbitol	cell084	2.5	
BY2_in_sorbitol	cell085	2.5	
BY2_in_sorbitol	cell086	2.5	
BY2_in_sorbitol	cell087	5.0	
BY2_in_sorbitol	cell088	1.0	
BY2_in_sorbitol	cell089	5.0	
BY2_in_sorbitol	cell090	10	
BY2_in_sorbitol	cell091 5	
BY2_in_sorbitol	cell092	2.5	
BY2_in_sorbitol	cell093	2.5
BY2_in_sorbitol	cell094	N/A	
BY2_in_sorbitol	cell095	2.5	
BY2_in_sorbitol	cell096	10	
BY2_in_sorbitol	cell097	5	
BY2_in_sorbitol	cell098	0
BY2_in_sorbitol	cell099	15	
BY2_in_sorbitol	cell100	5	
BY2_in_sorbitol	cell101	10	
BY2_in_sorbitol	cell102	10	
BY2_in_sorbitol	cell103	4.0	
BY2_in_sorbitol	cell104	0.5	
BY2_in_sorbitol	cell105	1.0	
BY2_in_sorbitol	cell106	0.5
BY2_in_sorbitol	cell107	1	
BY2_in_sorbitol	cell108	1	
BY2_in_sorbitol	cell109	1
BY2_in_sorbitol	cell110	0.25
BY2_in_sorbitol	cell111	0.25
BY2_in_sorbitol	cell112	1.0
BY2_in_sorbitol	cell113	5	
BY2_in_water	cell114	5	
BY2_in_water	cell115	0.5	
BY2_in_water	cell116	0.5	
BY2_in_water	cell117	0.05	
BY2_in_water	cell118	0.5	
BY2_in_water	cell119	5.0	
BY2_in_water	cell120	0.5	
BY2_in_water	cell121	1	
BY2_in_water	cell122	0.1	
BY2_in_water	cell123	1	
BY2_in_water	cell124	0.5	
BY2_in_water	cell125	3	
BY2_in_water	cell126	0.5	
BY2_in_water	cell127	1	
BY2_in_water	cell128	0.5	
BY2_in_water	cell129	1	
BY2_in_water	cell130	0.75	
BY2_in_water	cell131	1	
BY2_in_water	cell132	1	
BY2_in_water	cell133	3	
BY2_in_water	cell134	3	
BY2_in_water	cell135	1	
BY2_in_water	cell136	0	
BY2_in_water	cell137	1	
BY2_in_water	cell138	7.5	
BY2_in_water	cell139	1	
BY2_in_water	cell140	1	
BY2_in_water	cell141	0	
BY2_in_water	cell142	0	
BY2_in_water	cell143	0.5	
BY2_in_water	cell144	0.5	
BY2_in_water	cell145	0.5	
BY2_in_water	cell146	0.5	
BY2_in_water	cell147	0.5	
BY2_in_water	cell148	0.85	
BY2_in_water	cell149	4	
BY2_in_water	cell150	0.5	
BY2_in_water	cell151	5
BY2_in_water	cell152	1	
BY2_in_water	cell153	1	
BY2_in_water	cell154	1	
BY2_in_water	cell155	1	
BY2_in_water	cell156	50	
BY2_in_water	cell157	50	
BY2_in_water	cell158	1
BY2_in_water	cell159	1	
BY2_in_water	cell160	0.5	
BY2_in_water	cell161	1	
BY2_in_water	cell162	0.05
BY2_in_water	cell163	0
BY2_in_water	cell164	0.5	
BY2_in_water	cell165	0.5	
BY2_in_water	cell166	2	
BY2_in_water	cell167	3	
BY2_in_water	cell168	5	
BY2_in_water	cell169	5	
BY2_in_water	cell170	0.5	
BY2_in_water	cell171	3	
BY2_in_water	cell172	5	
BY2_in_water	cell173	1	
BY2_in_water	cell174	0.5	
BY2_in_water	cell175	0.5	
BY2_in_water	cell176	1	
BY2_in_water	cell177	1	
BY2_in_water	cell178	1	
BY2_in_water	cell179	1	
BY2_in_water	cell180	1	
BY2_in_water	cell181	0.5	
BY2_in_water	cell182	1	
BY2_in_water	cell183	1
BY2_in_water	cell184	1	
BY2_in_water	cell185	1	
BY2_in_water	cell186	0.5	
BY2_in_water	cell187	2.5	
BY2_in_water	cell188	1.0	
BY2_in_water	cell189	0.05	
BY2_in_water	cell190	1	
BY2_in_water	cell191	0.85	
BY2_in_water	cell192	0.5	
BY2_in_water	cell193	1	
BY2_in_water	cell194	0.5	